{
  "grammars": [
    {
      "name": "sql",
      "camelcase": "Sql",
      "scope": "source.sql",
      "path": ".",
      "file-types": [
        "sql"
      ]
    }
  ],
  "metadata": {
    "version": "0.1.0",
    "license": "MIT",
    "description": "SQL grammar fom tree-sitter",
    "authors": [
      {
        "name": "Maksim Novikov",
        "email": "mnovikov.work@gmail.com"
      }
    ],
    "links": {
      "repository": "https://github.com/m-novikov/tree-sitter-sql"
    }
  },
  "bindings": {
    "c": true,
    "go": true,
    "node": true,
    "python": true,
    "rust": true,
    "swift": true
  }
}
