[
  {
    "type": "any_character",
    "named": true,
    "fields": {}
  },
  {
    "type": "argument_list",
    "named": true,
    "fields": {},
    "children": {
      "multiple": true,
      "required": false,
      "types": [
        {
          "type": "AND",
          "named": true
        },
        {
          "type": "EQ",
          "named": true
        },
        {
          "type": "GE",
          "named": true
        },
        {
          "type": "GT",
          "named": true
        },
        {
          "type": "IN",
          "named": true
        },
        {
          "type": "LE",
          "named": true
        },
        {
          "type": "LT",
          "named": true
        },
        {
          "type": "NE",
          "named": true
        },
        {
          "type": "NOT",
          "named": true
        },
        {
          "type": "NOT_IN",
          "named": true
        },
        {
          "type": "OF",
          "named": true
        },
        {
          "type": "OR",
          "named": true
        },
        {
          "type": "TO",
          "named": true
        },
        {
          "type": "atom",
          "named": true
        },
        {
          "type": "function_call",
          "named": true
        },
        {
          "type": "macro_call",
          "named": true
        },
        {
          "type": "sysfunc",
          "named": true
        },
        {
          "type": "tuple",
          "named": true
        }
      ]
    }
  },
  {
    "type": "array_statement",
    "named": true,
    "fields": {
      "variables": {
        "multiple": true,
        "required": false,
        "types": [
          {
            "type": "-",
            "named": false
          },
          {
            "type": "identifier",
            "named": true
          }
        ]
      }
    },
    "children": {
      "multiple": true,
      "required": true,
      "types": [
        {
          "type": "ARRAY",
          "named": true
        },
        {
          "type": "identifier",
          "named": true
        },
        {
          "type": "number",
          "named": true
        }
      ]
    }
  },
  {
    "type": "assignment_statement",
    "named": true,
    "fields": {},
    "children": {
      "multiple": true,
      "required": true,
      "types": [
        {
          "type": "AND",
          "named": true
        },
        {
          "type": "EQ",
          "named": true
        },
        {
          "type": "GE",
          "named": true
        },
        {
          "type": "GT",
          "named": true
        },
        {
          "type": "IN",
          "named": true
        },
        {
          "type": "LE",
          "named": true
        },
        {
          "type": "LT",
          "named": true
        },
        {
          "type": "NE",
          "named": true
        },
        {
          "type": "NOT",
          "named": true
        },
        {
          "type": "NOT_IN",
          "named": true
        },
        {
          "type": "OR",
          "named": true
        },
        {
          "type": "TO",
          "named": true
        },
        {
          "type": "atom",
          "named": true
        },
        {
          "type": "function_call",
          "named": true
        },
        {
          "type": "identifier",
          "named": true
        },
        {
          "type": "macro_call",
          "named": true
        },
        {
          "type": "sysfunc",
          "named": true
        },
        {
          "type": "tuple",
          "named": true
        }
      ]
    }
  },
  {
    "type": "atom",
    "named": true,
    "fields": {},
    "children": {
      "multiple": true,
      "required": false,
      "types": [
        {
          "type": "identifier",
          "named": true
        },
        {
          "type": "informat_identifier",
          "named": true
        },
        {
          "type": "macro_variable",
          "named": true
        },
        {
          "type": "number",
          "named": true
        },
        {
          "type": "string",
          "named": true
        },
        {
          "type": "value",
          "named": true
        }
      ]
    }
  },
  {
    "type": "by_statement",
    "named": true,
    "fields": {
      "columns": {
        "multiple": true,
        "required": true,
        "types": [
          {
            "type": "DESCENDING",
            "named": true
          },
          {
            "type": "identifier",
            "named": true
          }
        ]
      }
    },
    "children": {
      "multiple": false,
      "required": true,
      "types": [
        {
          "type": "BY",
          "named": true
        }
      ]
    }
  },
  {
    "type": "call_symput_statement",
    "named": true,
    "fields": {
      "macro_variable": {
        "multiple": false,
        "required": true,
        "types": [
          {
            "type": "string",
            "named": true
          }
        ]
      },
      "value": {
        "multiple": true,
        "required": true,
        "types": [
          {
            "type": "(",
            "named": false
          },
          {
            "type": ")",
            "named": false
          },
          {
            "type": "*",
            "named": false
          },
          {
            "type": "+",
            "named": false
          },
          {
            "type": "-",
            "named": false
          },
          {
            "type": ".",
            "named": false
          },
          {
            "type": "/",
            "named": false
          },
          {
            "type": "<",
            "named": false
          },
          {
            "type": "<=",
            "named": false
          },
          {
            "type": "<>",
            "named": false
          },
          {
            "type": "=",
            "named": false
          },
          {
            "type": ">",
            "named": false
          },
          {
            "type": ">=",
            "named": false
          },
          {
            "type": "AND",
            "named": true
          },
          {
            "type": "EQ",
            "named": true
          },
          {
            "type": "GE",
            "named": true
          },
          {
            "type": "GT",
            "named": true
          },
          {
            "type": "IN",
            "named": true
          },
          {
            "type": "LE",
            "named": true
          },
          {
            "type": "LT",
            "named": true
          },
          {
            "type": "NE",
            "named": true
          },
          {
            "type": "NOT",
            "named": true
          },
          {
            "type": "NOT_IN",
            "named": true
          },
          {
            "type": "OR",
            "named": true
          },
          {
            "type": "TO",
            "named": true
          },
          {
            "type": "atom",
            "named": true
          },
          {
            "type": "function_call",
            "named": true
          },
          {
            "type": "macro_call",
            "named": true
          },
          {
            "type": "sysfunc",
            "named": true
          },
          {
            "type": "tuple",
            "named": true
          },
          {
            "type": "||",
            "named": false
          }
        ]
      }
    }
  },
  {
    "type": "class_option",
    "named": true,
    "fields": {
      "option": {
        "multiple": false,
        "required": false,
        "types": [
          {
            "type": "identifier",
            "named": true
          }
        ]
      },
      "value": {
        "multiple": false,
        "required": false,
        "types": [
          {
            "type": "atom",
            "named": true
          }
        ]
      }
    }
  },
  {
    "type": "class_statement",
    "named": true,
    "fields": {
      "columns": {
        "multiple": true,
        "required": true,
        "types": [
          {
            "type": "identifier",
            "named": true
          }
        ]
      }
    },
    "children": {
      "multiple": true,
      "required": false,
      "types": [
        {
          "type": "class_option",
          "named": true
        }
      ]
    }
  },
  {
    "type": "comment",
    "named": true,
    "fields": {}
  },
  {
    "type": "data_step",
    "named": true,
    "fields": {
      "dataset": {
        "multiple": true,
        "required": true,
        "types": [
          {
            "type": ".",
            "named": false
          },
          {
            "type": "_null_",
            "named": false
          },
          {
            "type": "identifier",
            "named": true
          },
          {
            "type": "macro_variable",
            "named": true
          }
        ]
      },
      "dataset_name": {
        "multiple": true,
        "required": false,
        "types": [
          {
            "type": ".",
            "named": false
          },
          {
            "type": "_null_",
            "named": false
          },
          {
            "type": "identifier",
            "named": true
          },
          {
            "type": "macro_variable",
            "named": true
          }
        ]
      },
      "output_datasets": {
        "multiple": true,
        "required": true,
        "types": [
          {
            "type": ".",
            "named": false
          },
          {
            "type": "_null_",
            "named": false
          },
          {
            "type": "dataset_options",
            "named": true
          },
          {
            "type": "identifier",
            "named": true
          },
          {
            "type": "macro_variable",
            "named": true
          }
        ]
      }
    },
    "children": {
      "multiple": true,
      "required": true,
      "types": [
        {
          "type": "DATA",
          "named": true
        },
        {
          "type": "RUN",
          "named": true
        },
        {
          "type": "array_statement",
          "named": true
        },
        {
          "type": "assignment_statement",
          "named": true
        },
        {
          "type": "by_statement",
          "named": true
        },
        {
          "type": "call_symput_statement",
          "named": true
        },
        {
          "type": "class_statement",
          "named": true
        },
        {
          "type": "comment",
          "named": true
        },
        {
          "type": "data_step",
          "named": true
        },
        {
          "type": "do_block",
          "named": true
        },
        {
          "type": "drop_statement",
          "named": true
        },
        {
          "type": "filename_statement",
          "named": true
        },
        {
          "type": "format_statement",
          "named": true
        },
        {
          "type": "global_statement",
          "named": true
        },
        {
          "type": "if_statement",
          "named": true
        },
        {
          "type": "include_statement",
          "named": true
        },
        {
          "type": "infile_statement",
          "named": true
        },
        {
          "type": "input_statement",
          "named": true
        },
        {
          "type": "keep_statement",
          "named": true
        },
        {
          "type": "length_statement",
          "named": true
        },
        {
          "type": "let_statement",
          "named": true
        },
        {
          "type": "libname_statement",
          "named": true
        },
        {
          "type": "macro_call",
          "named": true
        },
        {
          "type": "macro_definition",
          "named": true
        },
        {
          "type": "macro_if_statement",
          "named": true
        },
        {
          "type": "means_statement",
          "named": true
        },
        {
          "type": "merge_statement",
          "named": true
        },
        {
          "type": "model_statement",
          "named": true
        },
        {
          "type": "ods_statement",
          "named": true
        },
        {
          "type": "outfile_statement",
          "named": true
        },
        {
          "type": "output_statement",
          "named": true
        },
        {
          "type": "pipe_statement",
          "named": true
        },
        {
          "type": "proc_sql",
          "named": true
        },
        {
          "type": "proc_statement",
          "named": true
        },
        {
          "type": "put_statement",
          "named": true
        },
        {
          "type": "set_statement",
          "named": true
        },
        {
          "type": "sysfunc",
          "named": true
        },
        {
          "type": "var_statement",
          "named": true
        }
      ]
    }
  },
  {
    "type": "dataset_options",
    "named": true,
    "fields": {},
    "children": {
      "multiple": true,
      "required": true,
      "types": [
        {
          "type": "atom",
          "named": true
        },
        {
          "type": "identifier",
          "named": true
        }
      ]
    }
  },
  {
    "type": "do_block",
    "named": true,
    "fields": {},
    "children": {
      "multiple": true,
      "required": true,
      "types": [
        {
          "type": "AND",
          "named": true
        },
        {
          "type": "DO",
          "named": true
        },
        {
          "type": "END",
          "named": true
        },
        {
          "type": "EQ",
          "named": true
        },
        {
          "type": "GE",
          "named": true
        },
        {
          "type": "GT",
          "named": true
        },
        {
          "type": "IN",
          "named": true
        },
        {
          "type": "LE",
          "named": true
        },
        {
          "type": "LT",
          "named": true
        },
        {
          "type": "NE",
          "named": true
        },
        {
          "type": "NOT",
          "named": true
        },
        {
          "type": "NOT_IN",
          "named": true
        },
        {
          "type": "OR",
          "named": true
        },
        {
          "type": "TO",
          "named": true
        },
        {
          "type": "array_statement",
          "named": true
        },
        {
          "type": "assignment_statement",
          "named": true
        },
        {
          "type": "atom",
          "named": true
        },
        {
          "type": "by_statement",
          "named": true
        },
        {
          "type": "call_symput_statement",
          "named": true
        },
        {
          "type": "class_statement",
          "named": true
        },
        {
          "type": "comment",
          "named": true
        },
        {
          "type": "data_step",
          "named": true
        },
        {
          "type": "do_block",
          "named": true
        },
        {
          "type": "drop_statement",
          "named": true
        },
        {
          "type": "filename_statement",
          "named": true
        },
        {
          "type": "format_statement",
          "named": true
        },
        {
          "type": "function_call",
          "named": true
        },
        {
          "type": "global_statement",
          "named": true
        },
        {
          "type": "if_statement",
          "named": true
        },
        {
          "type": "include_statement",
          "named": true
        },
        {
          "type": "infile_statement",
          "named": true
        },
        {
          "type": "input_statement",
          "named": true
        },
        {
          "type": "keep_statement",
          "named": true
        },
        {
          "type": "length_statement",
          "named": true
        },
        {
          "type": "let_statement",
          "named": true
        },
        {
          "type": "libname_statement",
          "named": true
        },
        {
          "type": "macro_call",
          "named": true
        },
        {
          "type": "macro_definition",
          "named": true
        },
        {
          "type": "macro_if_statement",
          "named": true
        },
        {
          "type": "means_statement",
          "named": true
        },
        {
          "type": "model_statement",
          "named": true
        },
        {
          "type": "ods_statement",
          "named": true
        },
        {
          "type": "outfile_statement",
          "named": true
        },
        {
          "type": "output_statement",
          "named": true
        },
        {
          "type": "pipe_statement",
          "named": true
        },
        {
          "type": "proc_sql",
          "named": true
        },
        {
          "type": "proc_statement",
          "named": true
        },
        {
          "type": "put_statement",
          "named": true
        },
        {
          "type": "set_statement",
          "named": true
        },
        {
          "type": "sysfunc",
          "named": true
        },
        {
          "type": "tuple",
          "named": true
        },
        {
          "type": "var_statement",
          "named": true
        }
      ]
    }
  },
  {
    "type": "drop_statement",
    "named": true,
    "fields": {},
    "children": {
      "multiple": true,
      "required": true,
      "types": [
        {
          "type": "DROP",
          "named": true
        },
        {
          "type": "identifier",
          "named": true
        }
      ]
    }
  },
  {
    "type": "file_option",
    "named": true,
    "fields": {
      "option_name": {
        "multiple": false,
        "required": true,
        "types": [
          {
            "type": "identifier",
            "named": true
          }
        ]
      },
      "option_value": {
        "multiple": true,
        "required": false,
        "types": [
          {
            "type": ".",
            "named": false
          },
          {
            "type": "atom",
            "named": true
          },
          {
            "type": "identifier",
            "named": true
          },
          {
            "type": "keyword_option",
            "named": true
          },
          {
            "type": "macro_variable",
            "named": true
          }
        ]
      }
    }
  },
  {
    "type": "filename_statement",
    "named": true,
    "fields": {},
    "children": {
      "multiple": true,
      "required": true,
      "types": [
        {
          "type": "FILENAME",
          "named": true
        },
        {
          "type": "file_option",
          "named": true
        },
        {
          "type": "identifier",
          "named": true
        },
        {
          "type": "pipe_statement",
          "named": true
        },
        {
          "type": "string",
          "named": true
        }
      ]
    }
  },
  {
    "type": "format_identifier",
    "named": true,
    "fields": {}
  },
  {
    "type": "format_spec",
    "named": true,
    "fields": {}
  },
  {
    "type": "format_statement",
    "named": true,
    "fields": {
      "format": {
        "multiple": true,
        "required": true,
        "types": [
          {
            "type": "format_identifier",
            "named": true
          }
        ]
      },
      "variable": {
        "multiple": true,
        "required": true,
        "types": [
          {
            "type": "identifier",
            "named": true
          }
        ]
      }
    },
    "children": {
      "multiple": false,
      "required": true,
      "types": [
        {
          "type": "FORMAT",
          "named": true
        }
      ]
    }
  },
  {
    "type": "function_call",
    "named": true,
    "fields": {
      "function_name": {
        "multiple": false,
        "required": true,
        "types": [
          {
            "type": "identifier",
            "named": true
          }
        ]
      }
    },
    "children": {
      "multiple": false,
      "required": false,
      "types": [
        {
          "type": "argument_list",
          "named": true
        }
      ]
    }
  },
  {
    "type": "global_statement",
    "named": true,
    "fields": {},
    "children": {
      "multiple": true,
      "required": true,
      "types": [
        {
          "type": "GLOBAL",
          "named": true
        },
        {
          "type": "identifier",
          "named": true
        }
      ]
    }
  },
  {
    "type": "identifier",
    "named": true,
    "fields": {}
  },
  {
    "type": "if_statement",
    "named": true,
    "fields": {},
    "children": {
      "multiple": true,
      "required": true,
      "types": [
        {
          "type": "AND",
          "named": true
        },
        {
          "type": "ELSE",
          "named": true
        },
        {
          "type": "END",
          "named": true
        },
        {
          "type": "EQ",
          "named": true
        },
        {
          "type": "GE",
          "named": true
        },
        {
          "type": "GT",
          "named": true
        },
        {
          "type": "IF",
          "named": true
        },
        {
          "type": "IN",
          "named": true
        },
        {
          "type": "LE",
          "named": true
        },
        {
          "type": "LT",
          "named": true
        },
        {
          "type": "NE",
          "named": true
        },
        {
          "type": "NOT",
          "named": true
        },
        {
          "type": "NOT_IN",
          "named": true
        },
        {
          "type": "OR",
          "named": true
        },
        {
          "type": "THEN",
          "named": true
        },
        {
          "type": "TO",
          "named": true
        },
        {
          "type": "array_statement",
          "named": true
        },
        {
          "type": "assignment_statement",
          "named": true
        },
        {
          "type": "atom",
          "named": true
        },
        {
          "type": "by_statement",
          "named": true
        },
        {
          "type": "call_symput_statement",
          "named": true
        },
        {
          "type": "class_statement",
          "named": true
        },
        {
          "type": "comment",
          "named": true
        },
        {
          "type": "data_step",
          "named": true
        },
        {
          "type": "do_block",
          "named": true
        },
        {
          "type": "drop_statement",
          "named": true
        },
        {
          "type": "filename_statement",
          "named": true
        },
        {
          "type": "format_statement",
          "named": true
        },
        {
          "type": "function_call",
          "named": true
        },
        {
          "type": "global_statement",
          "named": true
        },
        {
          "type": "if_statement",
          "named": true
        },
        {
          "type": "include_statement",
          "named": true
        },
        {
          "type": "infile_statement",
          "named": true
        },
        {
          "type": "input_statement",
          "named": true
        },
        {
          "type": "keep_statement",
          "named": true
        },
        {
          "type": "length_statement",
          "named": true
        },
        {
          "type": "let_statement",
          "named": true
        },
        {
          "type": "libname_statement",
          "named": true
        },
        {
          "type": "macro_call",
          "named": true
        },
        {
          "type": "macro_definition",
          "named": true
        },
        {
          "type": "macro_if_statement",
          "named": true
        },
        {
          "type": "means_statement",
          "named": true
        },
        {
          "type": "model_statement",
          "named": true
        },
        {
          "type": "ods_statement",
          "named": true
        },
        {
          "type": "outfile_statement",
          "named": true
        },
        {
          "type": "output_statement",
          "named": true
        },
        {
          "type": "pipe_statement",
          "named": true
        },
        {
          "type": "proc_sql",
          "named": true
        },
        {
          "type": "proc_statement",
          "named": true
        },
        {
          "type": "put_statement",
          "named": true
        },
        {
          "type": "set_statement",
          "named": true
        },
        {
          "type": "sysfunc",
          "named": true
        },
        {
          "type": "tuple",
          "named": true
        },
        {
          "type": "var_statement",
          "named": true
        }
      ]
    }
  },
  {
    "type": "include_statement",
    "named": true,
    "fields": {
      "file_path": {
        "multiple": true,
        "required": true,
        "types": [
          {
            "type": ".",
            "named": false
          },
          {
            "type": "/",
            "named": false
          },
          {
            "type": "identifier",
            "named": true
          },
          {
            "type": "string",
            "named": true
          }
        ]
      },
      "source_type": {
        "multiple": false,
        "required": false,
        "types": [
          {
            "type": "SOURCE",
            "named": false
          },
          {
            "type": "SOURCE2",
            "named": false
          }
        ]
      }
    },
    "children": {
      "multiple": false,
      "required": true,
      "types": [
        {
          "type": "INC",
          "named": true
        },
        {
          "type": "INCLUDE",
          "named": true
        }
      ]
    }
  },
  {
    "type": "infile_statement",
    "named": true,
    "fields": {},
    "children": {
      "multiple": true,
      "required": true,
      "types": [
        {
          "type": "INFILE",
          "named": true
        },
        {
          "type": "file_option",
          "named": true
        },
        {
          "type": "identifier",
          "named": true
        },
        {
          "type": "string",
          "named": true
        }
      ]
    }
  },
  {
    "type": "informat_identifier",
    "named": true,
    "fields": {}
  },
  {
    "type": "input_statement",
    "named": true,
    "fields": {
      "variable": {
        "multiple": true,
        "required": true,
        "types": [
          {
            "type": "identifier",
            "named": true
          }
        ]
      }
    },
    "children": {
      "multiple": true,
      "required": true,
      "types": [
        {
          "type": "DOLLAR",
          "named": true
        },
        {
          "type": "INPUT",
          "named": true
        },
        {
          "type": "format_identifier",
          "named": true
        },
        {
          "type": "informat_identifier",
          "named": true
        }
      ]
    }
  },
  {
    "type": "keep_statement",
    "named": true,
    "fields": {},
    "children": {
      "multiple": true,
      "required": true,
      "types": [
        {
          "type": "KEEP",
          "named": true
        },
        {
          "type": "identifier",
          "named": true
        }
      ]
    }
  },
  {
    "type": "keyword_option",
    "named": true,
    "fields": {},
    "children": {
      "multiple": false,
      "required": true,
      "types": [
        {
          "type": "DEVICE",
          "named": true
        },
        {
          "type": "LRECL",
          "named": true
        }
      ]
    }
  },
  {
    "type": "length_statement",
    "named": true,
    "fields": {
      "length": {
        "multiple": true,
        "required": false,
        "types": [
          {
            "type": "number",
            "named": true
          }
        ]
      },
      "type": {
        "multiple": true,
        "required": false,
        "types": [
          {
            "type": "$",
            "named": false
          }
        ]
      },
      "variable": {
        "multiple": true,
        "required": true,
        "types": [
          {
            "type": "identifier",
            "named": true
          }
        ]
      }
    },
    "children": {
      "multiple": false,
      "required": true,
      "types": [
        {
          "type": "LENGTH",
          "named": true
        }
      ]
    }
  },
  {
    "type": "let_statement",
    "named": true,
    "fields": {
      "variable_name": {
        "multiple": false,
        "required": true,
        "types": [
          {
            "type": "identifier",
            "named": true
          }
        ]
      },
      "variable_value": {
        "multiple": false,
        "required": false,
        "types": [
          {
            "type": "let_value",
            "named": true
          }
        ]
      }
    },
    "children": {
      "multiple": false,
      "required": true,
      "types": [
        {
          "type": "LET",
          "named": true
        }
      ]
    }
  },
  {
    "type": "let_value",
    "named": true,
    "fields": {},
    "children": {
      "multiple": true,
      "required": true,
      "types": [
        {
          "type": "any_character",
          "named": true
        },
        {
          "type": "identifier",
          "named": true
        },
        {
          "type": "parenthesized_expression",
          "named": true
        },
        {
          "type": "string",
          "named": true
        }
      ]
    }
  },
  {
    "type": "libname_options",
    "named": true,
    "fields": {
      "option_name": {
        "multiple": true,
        "required": true,
        "types": [
          {
            "type": "identifier",
            "named": true
          }
        ]
      },
      "option_value": {
        "multiple": true,
        "required": true,
        "types": [
          {
            "type": ".",
            "named": false
          },
          {
            "type": "atom",
            "named": true
          },
          {
            "type": "identifier",
            "named": true
          }
        ]
      }
    }
  },
  {
    "type": "libname_statement",
    "named": true,
    "fields": {
      "engine": {
        "multiple": false,
        "required": false,
        "types": [
          {
            "type": "identifier",
            "named": true
          }
        ]
      },
      "keyword": {
        "multiple": false,
        "required": true,
        "types": [
          {
            "type": "libname_keyword",
            "named": false
          }
        ]
      },
      "libref": {
        "multiple": false,
        "required": true,
        "types": [
          {
            "type": "identifier",
            "named": true
          }
        ]
      },
      "options": {
        "multiple": false,
        "required": false,
        "types": [
          {
            "type": "libname_options",
            "named": true
          }
        ]
      },
      "path": {
        "multiple": false,
        "required": true,
        "types": [
          {
            "type": "macro_variable",
            "named": true
          },
          {
            "type": "string",
            "named": true
          }
        ]
      }
    }
  },
  {
    "type": "macro_call",
    "named": true,
    "fields": {
      "macro_name": {
        "multiple": false,
        "required": true,
        "types": [
          {
            "type": "identifier",
            "named": true
          }
        ]
      }
    },
    "children": {
      "multiple": false,
      "required": false,
      "types": [
        {
          "type": "argument_list",
          "named": true
        }
      ]
    }
  },
  {
    "type": "macro_definition",
    "named": true,
    "fields": {
      "macro_name": {
        "multiple": true,
        "required": true,
        "types": [
          {
            "type": "identifier",
            "named": true
          }
        ]
      }
    },
    "children": {
      "multiple": true,
      "required": true,
      "types": [
        {
          "type": "MACRO",
          "named": true
        },
        {
          "type": "MEND",
          "named": true
        },
        {
          "type": "array_statement",
          "named": true
        },
        {
          "type": "assignment_statement",
          "named": true
        },
        {
          "type": "by_statement",
          "named": true
        },
        {
          "type": "call_symput_statement",
          "named": true
        },
        {
          "type": "class_statement",
          "named": true
        },
        {
          "type": "comment",
          "named": true
        },
        {
          "type": "data_step",
          "named": true
        },
        {
          "type": "do_block",
          "named": true
        },
        {
          "type": "drop_statement",
          "named": true
        },
        {
          "type": "filename_statement",
          "named": true
        },
        {
          "type": "format_statement",
          "named": true
        },
        {
          "type": "global_statement",
          "named": true
        },
        {
          "type": "if_statement",
          "named": true
        },
        {
          "type": "include_statement",
          "named": true
        },
        {
          "type": "infile_statement",
          "named": true
        },
        {
          "type": "input_statement",
          "named": true
        },
        {
          "type": "keep_statement",
          "named": true
        },
        {
          "type": "length_statement",
          "named": true
        },
        {
          "type": "let_statement",
          "named": true
        },
        {
          "type": "libname_statement",
          "named": true
        },
        {
          "type": "macro_call",
          "named": true
        },
        {
          "type": "macro_definition",
          "named": true
        },
        {
          "type": "macro_if_statement",
          "named": true
        },
        {
          "type": "macro_parameters",
          "named": true
        },
        {
          "type": "means_statement",
          "named": true
        },
        {
          "type": "model_statement",
          "named": true
        },
        {
          "type": "ods_statement",
          "named": true
        },
        {
          "type": "outfile_statement",
          "named": true
        },
        {
          "type": "output_statement",
          "named": true
        },
        {
          "type": "pipe_statement",
          "named": true
        },
        {
          "type": "proc_sql",
          "named": true
        },
        {
          "type": "proc_statement",
          "named": true
        },
        {
          "type": "put_statement",
          "named": true
        },
        {
          "type": "set_statement",
          "named": true
        },
        {
          "type": "sysfunc",
          "named": true
        },
        {
          "type": "var_statement",
          "named": true
        }
      ]
    }
  },
  {
    "type": "macro_if_statement",
    "named": true,
    "fields": {},
    "children": {
      "multiple": true,
      "required": false,
      "types": [
        {
          "type": "AND",
          "named": true
        },
        {
          "type": "EQ",
          "named": true
        },
        {
          "type": "GE",
          "named": true
        },
        {
          "type": "GT",
          "named": true
        },
        {
          "type": "IN",
          "named": true
        },
        {
          "type": "LE",
          "named": true
        },
        {
          "type": "LT",
          "named": true
        },
        {
          "type": "NE",
          "named": true
        },
        {
          "type": "NOT",
          "named": true
        },
        {
          "type": "NOT_IN",
          "named": true
        },
        {
          "type": "OR",
          "named": true
        },
        {
          "type": "TO",
          "named": true
        },
        {
          "type": "array_statement",
          "named": true
        },
        {
          "type": "assignment_statement",
          "named": true
        },
        {
          "type": "atom",
          "named": true
        },
        {
          "type": "by_statement",
          "named": true
        },
        {
          "type": "call_symput_statement",
          "named": true
        },
        {
          "type": "class_statement",
          "named": true
        },
        {
          "type": "comment",
          "named": true
        },
        {
          "type": "data_step",
          "named": true
        },
        {
          "type": "do_block",
          "named": true
        },
        {
          "type": "drop_statement",
          "named": true
        },
        {
          "type": "filename_statement",
          "named": true
        },
        {
          "type": "format_statement",
          "named": true
        },
        {
          "type": "function_call",
          "named": true
        },
        {
          "type": "global_statement",
          "named": true
        },
        {
          "type": "if_statement",
          "named": true
        },
        {
          "type": "include_statement",
          "named": true
        },
        {
          "type": "infile_statement",
          "named": true
        },
        {
          "type": "input_statement",
          "named": true
        },
        {
          "type": "keep_statement",
          "named": true
        },
        {
          "type": "length_statement",
          "named": true
        },
        {
          "type": "let_statement",
          "named": true
        },
        {
          "type": "libname_statement",
          "named": true
        },
        {
          "type": "macro_call",
          "named": true
        },
        {
          "type": "macro_definition",
          "named": true
        },
        {
          "type": "macro_if_statement",
          "named": true
        },
        {
          "type": "means_statement",
          "named": true
        },
        {
          "type": "model_statement",
          "named": true
        },
        {
          "type": "ods_statement",
          "named": true
        },
        {
          "type": "outfile_statement",
          "named": true
        },
        {
          "type": "output_statement",
          "named": true
        },
        {
          "type": "pipe_statement",
          "named": true
        },
        {
          "type": "proc_sql",
          "named": true
        },
        {
          "type": "proc_statement",
          "named": true
        },
        {
          "type": "put_statement",
          "named": true
        },
        {
          "type": "set_statement",
          "named": true
        },
        {
          "type": "sysfunc",
          "named": true
        },
        {
          "type": "tuple",
          "named": true
        },
        {
          "type": "var_statement",
          "named": true
        }
      ]
    }
  },
  {
    "type": "macro_parameters",
    "named": true,
    "fields": {
      "default_value": {
        "multiple": true,
        "required": false,
        "types": [
          {
            "type": "(",
            "named": false
          },
          {
            "type": ")",
            "named": false
          },
          {
            "type": "*",
            "named": false
          },
          {
            "type": "+",
            "named": false
          },
          {
            "type": "-",
            "named": false
          },
          {
            "type": ".",
            "named": false
          },
          {
            "type": "/",
            "named": false
          },
          {
            "type": "<",
            "named": false
          },
          {
            "type": "<=",
            "named": false
          },
          {
            "type": "<>",
            "named": false
          },
          {
            "type": "=",
            "named": false
          },
          {
            "type": ">",
            "named": false
          },
          {
            "type": ">=",
            "named": false
          },
          {
            "type": "AND",
            "named": true
          },
          {
            "type": "EQ",
            "named": true
          },
          {
            "type": "GE",
            "named": true
          },
          {
            "type": "GT",
            "named": true
          },
          {
            "type": "IN",
            "named": true
          },
          {
            "type": "LE",
            "named": true
          },
          {
            "type": "LT",
            "named": true
          },
          {
            "type": "NE",
            "named": true
          },
          {
            "type": "NOT",
            "named": true
          },
          {
            "type": "NOT_IN",
            "named": true
          },
          {
            "type": "OR",
            "named": true
          },
          {
            "type": "TO",
            "named": true
          },
          {
            "type": "atom",
            "named": true
          },
          {
            "type": "function_call",
            "named": true
          },
          {
            "type": "macro_call",
            "named": true
          },
          {
            "type": "sysfunc",
            "named": true
          },
          {
            "type": "tuple",
            "named": true
          },
          {
            "type": "||",
            "named": false
          }
        ]
      },
      "parameter": {
        "multiple": true,
        "required": false,
        "types": [
          {
            "type": "identifier",
            "named": true
          }
        ]
      }
    }
  },
  {
    "type": "macro_variable",
    "named": true,
    "fields": {},
    "children": {
      "multiple": false,
      "required": true,
      "types": [
        {
          "type": "identifier",
          "named": true
        }
      ]
    }
  },
  {
    "type": "means_option",
    "named": true,
    "fields": {
      "option": {
        "multiple": false,
        "required": false,
        "types": [
          {
            "type": "identifier",
            "named": true
          }
        ]
      },
      "value": {
        "multiple": false,
        "required": false,
        "types": [
          {
            "type": "atom",
            "named": true
          }
        ]
      }
    }
  },
  {
    "type": "means_statement",
    "named": true,
    "fields": {
      "columns": {
        "multiple": true,
        "required": true,
        "types": [
          {
            "type": "identifier",
            "named": true
          }
        ]
      },
      "statistics": {
        "multiple": true,
        "required": false,
        "types": [
          {
            "type": "identifier",
            "named": true
          }
        ]
      }
    },
    "children": {
      "multiple": true,
      "required": true,
      "types": [
        {
          "type": "MEANS",
          "named": true
        },
        {
          "type": "means_option",
          "named": true
        }
      ]
    }
  },
  {
    "type": "merge_statement",
    "named": true,
    "fields": {
      "input_datasets": {
        "multiple": true,
        "required": true,
        "types": [
          {
            "type": ".",
            "named": false
          },
          {
            "type": "identifier",
            "named": true
          }
        ]
      }
    },
    "children": {
      "multiple": false,
      "required": false,
      "types": [
        {
          "type": "dataset_options",
          "named": true
        }
      ]
    }
  },
  {
    "type": "model_option",
    "named": true,
    "fields": {
      "option": {
        "multiple": false,
        "required": false,
        "types": [
          {
            "type": "identifier",
            "named": true
          }
        ]
      },
      "value": {
        "multiple": false,
        "required": false,
        "types": [
          {
            "type": "atom",
            "named": true
          }
        ]
      }
    }
  },
  {
    "type": "model_statement",
    "named": true,
    "fields": {
      "dependent": {
        "multiple": true,
        "required": true,
        "types": [
          {
            "type": "identifier",
            "named": true
          }
        ]
      },
      "independent": {
        "multiple": true,
        "required": true,
        "types": [
          {
            "type": "identifier",
            "named": true
          }
        ]
      }
    },
    "children": {
      "multiple": true,
      "required": false,
      "types": [
        {
          "type": "model_option",
          "named": true
        }
      ]
    }
  },
  {
    "type": "ods_statement",
    "named": true,
    "fields": {},
    "children": {
      "multiple": true,
      "required": true,
      "types": [
        {
          "type": "CLOSE",
          "named": true
        },
        {
          "type": "EXCEL",
          "named": true
        },
        {
          "type": "FILE",
          "named": true
        },
        {
          "type": "HTML",
          "named": true
        },
        {
          "type": "ODS",
          "named": true
        },
        {
          "type": "PDF",
          "named": true
        },
        {
          "type": "array_statement",
          "named": true
        },
        {
          "type": "assignment_statement",
          "named": true
        },
        {
          "type": "by_statement",
          "named": true
        },
        {
          "type": "call_symput_statement",
          "named": true
        },
        {
          "type": "class_statement",
          "named": true
        },
        {
          "type": "comment",
          "named": true
        },
        {
          "type": "data_step",
          "named": true
        },
        {
          "type": "do_block",
          "named": true
        },
        {
          "type": "drop_statement",
          "named": true
        },
        {
          "type": "filename_statement",
          "named": true
        },
        {
          "type": "format_statement",
          "named": true
        },
        {
          "type": "global_statement",
          "named": true
        },
        {
          "type": "identifier",
          "named": true
        },
        {
          "type": "if_statement",
          "named": true
        },
        {
          "type": "include_statement",
          "named": true
        },
        {
          "type": "infile_statement",
          "named": true
        },
        {
          "type": "input_statement",
          "named": true
        },
        {
          "type": "keep_statement",
          "named": true
        },
        {
          "type": "length_statement",
          "named": true
        },
        {
          "type": "let_statement",
          "named": true
        },
        {
          "type": "libname_statement",
          "named": true
        },
        {
          "type": "macro_call",
          "named": true
        },
        {
          "type": "macro_definition",
          "named": true
        },
        {
          "type": "macro_if_statement",
          "named": true
        },
        {
          "type": "means_statement",
          "named": true
        },
        {
          "type": "model_statement",
          "named": true
        },
        {
          "type": "ods_statement",
          "named": true
        },
        {
          "type": "outfile_statement",
          "named": true
        },
        {
          "type": "output_statement",
          "named": true
        },
        {
          "type": "pipe_statement",
          "named": true
        },
        {
          "type": "proc_sql",
          "named": true
        },
        {
          "type": "proc_statement",
          "named": true
        },
        {
          "type": "put_statement",
          "named": true
        },
        {
          "type": "set_statement",
          "named": true
        },
        {
          "type": "string",
          "named": true
        },
        {
          "type": "sysfunc",
          "named": true
        },
        {
          "type": "var_statement",
          "named": true
        }
      ]
    }
  },
  {
    "type": "outfile_statement",
    "named": true,
    "fields": {},
    "children": {
      "multiple": true,
      "required": true,
      "types": [
        {
          "type": "OUTFILE",
          "named": true
        },
        {
          "type": "file_option",
          "named": true
        },
        {
          "type": "string",
          "named": true
        }
      ]
    }
  },
  {
    "type": "output_statement",
    "named": true,
    "fields": {},
    "children": {
      "multiple": false,
      "required": true,
      "types": [
        {
          "type": "OUTPUT",
          "named": true
        }
      ]
    }
  },
  {
    "type": "parenthesized_expression",
    "named": true,
    "fields": {},
    "children": {
      "multiple": true,
      "required": false,
      "types": [
        {
          "type": "identifier",
          "named": true
        },
        {
          "type": "number",
          "named": true
        },
        {
          "type": "string",
          "named": true
        },
        {
          "type": "whitespace",
          "named": true
        }
      ]
    }
  },
  {
    "type": "pipe_statement",
    "named": true,
    "fields": {
      "command": {
        "multiple": false,
        "required": true,
        "types": [
          {
            "type": "string",
            "named": true
          }
        ]
      }
    },
    "children": {
      "multiple": false,
      "required": true,
      "types": [
        {
          "type": "PIPE",
          "named": true
        }
      ]
    }
  },
  {
    "type": "proc_sql",
    "named": true,
    "fields": {
      "proc_keyword": {
        "multiple": false,
        "required": true,
        "types": [
          {
            "type": "PROC",
            "named": true
          }
        ]
      },
      "sql_keyword": {
        "multiple": false,
        "required": true,
        "types": [
          {
            "type": "sql",
            "named": false
          }
        ]
      }
    },
    "children": {
      "multiple": true,
      "required": true,
      "types": [
        {
          "type": "QUIT",
          "named": true
        },
        {
          "type": "sql_statement",
          "named": true
        }
      ]
    }
  },
  {
    "type": "proc_statement",
    "named": true,
    "fields": {
      "option_name": {
        "multiple": true,
        "required": false,
        "types": [
          {
            "type": "data",
            "named": false
          },
          {
            "type": "identifier",
            "named": true
          },
          {
            "type": "out",
            "named": false
          }
        ]
      },
      "option_value": {
        "multiple": true,
        "required": false,
        "types": [
          {
            "type": ".",
            "named": false
          },
          {
            "type": "identifier",
            "named": true
          },
          {
            "type": "macro_variable",
            "named": true
          }
        ]
      },
      "proc_name": {
        "multiple": false,
        "required": true,
        "types": [
          {
            "type": "identifier",
            "named": true
          }
        ]
      }
    },
    "children": {
      "multiple": true,
      "required": true,
      "types": [
        {
          "type": "LABEL",
          "named": true
        },
        {
          "type": "NOPRINT",
          "named": true
        },
        {
          "type": "PROC",
          "named": true
        },
        {
          "type": "QUIT",
          "named": true
        },
        {
          "type": "RUN",
          "named": true
        },
        {
          "type": "array_statement",
          "named": true
        },
        {
          "type": "assignment_statement",
          "named": true
        },
        {
          "type": "by_statement",
          "named": true
        },
        {
          "type": "call_symput_statement",
          "named": true
        },
        {
          "type": "class_statement",
          "named": true
        },
        {
          "type": "comment",
          "named": true
        },
        {
          "type": "data_step",
          "named": true
        },
        {
          "type": "do_block",
          "named": true
        },
        {
          "type": "drop_statement",
          "named": true
        },
        {
          "type": "filename_statement",
          "named": true
        },
        {
          "type": "format_statement",
          "named": true
        },
        {
          "type": "global_statement",
          "named": true
        },
        {
          "type": "if_statement",
          "named": true
        },
        {
          "type": "include_statement",
          "named": true
        },
        {
          "type": "infile_statement",
          "named": true
        },
        {
          "type": "input_statement",
          "named": true
        },
        {
          "type": "keep_statement",
          "named": true
        },
        {
          "type": "length_statement",
          "named": true
        },
        {
          "type": "let_statement",
          "named": true
        },
        {
          "type": "libname_statement",
          "named": true
        },
        {
          "type": "macro_call",
          "named": true
        },
        {
          "type": "macro_definition",
          "named": true
        },
        {
          "type": "macro_if_statement",
          "named": true
        },
        {
          "type": "means_statement",
          "named": true
        },
        {
          "type": "model_statement",
          "named": true
        },
        {
          "type": "ods_statement",
          "named": true
        },
        {
          "type": "outfile_statement",
          "named": true
        },
        {
          "type": "output_statement",
          "named": true
        },
        {
          "type": "pipe_statement",
          "named": true
        },
        {
          "type": "proc_sql",
          "named": true
        },
        {
          "type": "proc_statement",
          "named": true
        },
        {
          "type": "put_statement",
          "named": true
        },
        {
          "type": "set_statement",
          "named": true
        },
        {
          "type": "sysfunc",
          "named": true
        },
        {
          "type": "var_statement",
          "named": true
        }
      ]
    }
  },
  {
    "type": "put_statement",
    "named": true,
    "fields": {},
    "children": {
      "multiple": false,
      "required": true,
      "types": [
        {
          "type": "PUT",
          "named": true
        }
      ]
    }
  },
  {
    "type": "quoted_name",
    "named": true,
    "fields": {}
  },
  {
    "type": "set_statement",
    "named": true,
    "fields": {
      "input_datasets": {
        "multiple": true,
        "required": true,
        "types": [
          {
            "type": ".",
            "named": false
          },
          {
            "type": "identifier",
            "named": true
          },
          {
            "type": "macro_variable",
            "named": true
          }
        ]
      }
    },
    "children": {
      "multiple": true,
      "required": true,
      "types": [
        {
          "type": "SET",
          "named": true
        },
        {
          "type": "dataset_options",
          "named": true
        }
      ]
    }
  },
  {
    "type": "source_file",
    "named": true,
    "root": true,
    "fields": {},
    "children": {
      "multiple": true,
      "required": false,
      "types": [
        {
          "type": "array_statement",
          "named": true
        },
        {
          "type": "assignment_statement",
          "named": true
        },
        {
          "type": "by_statement",
          "named": true
        },
        {
          "type": "call_symput_statement",
          "named": true
        },
        {
          "type": "class_statement",
          "named": true
        },
        {
          "type": "comment",
          "named": true
        },
        {
          "type": "data_step",
          "named": true
        },
        {
          "type": "do_block",
          "named": true
        },
        {
          "type": "drop_statement",
          "named": true
        },
        {
          "type": "filename_statement",
          "named": true
        },
        {
          "type": "format_statement",
          "named": true
        },
        {
          "type": "global_statement",
          "named": true
        },
        {
          "type": "if_statement",
          "named": true
        },
        {
          "type": "include_statement",
          "named": true
        },
        {
          "type": "infile_statement",
          "named": true
        },
        {
          "type": "input_statement",
          "named": true
        },
        {
          "type": "keep_statement",
          "named": true
        },
        {
          "type": "length_statement",
          "named": true
        },
        {
          "type": "let_statement",
          "named": true
        },
        {
          "type": "libname_statement",
          "named": true
        },
        {
          "type": "macro_call",
          "named": true
        },
        {
          "type": "macro_definition",
          "named": true
        },
        {
          "type": "macro_if_statement",
          "named": true
        },
        {
          "type": "means_statement",
          "named": true
        },
        {
          "type": "model_statement",
          "named": true
        },
        {
          "type": "ods_statement",
          "named": true
        },
        {
          "type": "outfile_statement",
          "named": true
        },
        {
          "type": "output_statement",
          "named": true
        },
        {
          "type": "pipe_statement",
          "named": true
        },
        {
          "type": "proc_sql",
          "named": true
        },
        {
          "type": "proc_statement",
          "named": true
        },
        {
          "type": "put_statement",
          "named": true
        },
        {
          "type": "set_statement",
          "named": true
        },
        {
          "type": "sysfunc",
          "named": true
        },
        {
          "type": "var_statement",
          "named": true
        }
      ]
    }
  },
  {
    "type": "sql_create",
    "named": true,
    "fields": {
      "table_ref": {
        "multiple": true,
        "required": true,
        "types": [
          {
            "type": ".",
            "named": false
          },
          {
            "type": "identifier",
            "named": true
          }
        ]
      }
    },
    "children": {
      "multiple": false,
      "required": true,
      "types": [
        {
          "type": "sql_select",
          "named": true
        }
      ]
    }
  },
  {
    "type": "sql_order_by",
    "named": true,
    "fields": {},
    "children": {
      "multiple": true,
      "required": false,
      "types": [
        {
          "type": "identifier",
          "named": true
        }
      ]
    }
  },
  {
    "type": "sql_select",
    "named": true,
    "fields": {
      "alias": {
        "multiple": true,
        "required": false,
        "types": [
          {
            "type": "format_spec",
            "named": true
          },
          {
            "type": "identifier",
            "named": true
          },
          {
            "type": "quoted_name",
            "named": true
          }
        ]
      },
      "table_alias": {
        "multiple": false,
        "required": false,
        "types": [
          {
            "type": "identifier",
            "named": true
          }
        ]
      },
      "table_ref": {
        "multiple": true,
        "required": true,
        "types": [
          {
            "type": ".",
            "named": false
          },
          {
            "type": "identifier",
            "named": true
          }
        ]
      }
    },
    "children": {
      "multiple": true,
      "required": false,
      "types": [
        {
          "type": "identifier",
          "named": true
        },
        {
          "type": "number",
          "named": true
        },
        {
          "type": "quoted_name",
          "named": true
        },
        {
          "type": "sql_order_by",
          "named": true
        },
        {
          "type": "sql_where_clause",
          "named": true
        },
        {
          "type": "string",
          "named": true
        }
      ]
    }
  },
  {
    "type": "sql_statement",
    "named": true,
    "fields": {},
    "children": {
      "multiple": false,
      "required": false,
      "types": [
        {
          "type": "sql_create",
          "named": true
        },
        {
          "type": "sql_select",
          "named": true
        },
        {
          "type": "sql_where_clause",
          "named": true
        }
      ]
    }
  },
  {
    "type": "sql_where_clause",
    "named": true,
    "fields": {},
    "children": {
      "multiple": true,
      "required": false,
      "types": [
        {
          "type": "identifier",
          "named": true
        },
        {
          "type": "number",
          "named": true
        },
        {
          "type": "quoted_name",
          "named": true
        },
        {
          "type": "string",
          "named": true
        }
      ]
    }
  },
  {
    "type": "string",
    "named": true,
    "fields": {}
  },
  {
    "type": "sysfunc",
    "named": true,
    "fields": {},
    "children": {
      "multiple": true,
      "required": true,
      "types": [
        {
          "type": "SYSFUNC",
          "named": true
        },
        {
          "type": "function_call",
          "named": true
        }
      ]
    }
  },
  {
    "type": "tuple",
    "named": true,
    "fields": {},
    "children": {
      "multiple": true,
      "required": true,
      "types": [
        {
          "type": "atom",
          "named": true
        }
      ]
    }
  },
  {
    "type": "var_statement",
    "named": true,
    "fields": {
      "columns": {
        "multiple": true,
        "required": true,
        "types": [
          {
            "type": "identifier",
            "named": true
          }
        ]
      }
    }
  },
  {
    "type": "\"",
    "named": false
  },
  {
    "type": "\"n",
    "named": false
  },
  {
    "type": "$",
    "named": false
  },
  {
    "type": "%",
    "named": false
  },
  {
    "type": "%else",
    "named": false
  },
  {
    "type": "%end;",
    "named": false
  },
  {
    "type": "%if",
    "named": false
  },
  {
    "type": "%then",
    "named": false
  },
  {
    "type": "&",
    "named": false
  },
  {
    "type": "'",
    "named": false
  },
  {
    "type": "'n",
    "named": false
  },
  {
    "type": "(",
    "named": false
  },
  {
    "type": ")",
    "named": false
  },
  {
    "type": "*",
    "named": false
  },
  {
    "type": "*/",
    "named": false
  },
  {
    "type": "+",
    "named": false
  },
  {
    "type": ",",
    "named": false
  },
  {
    "type": "-",
    "named": false
  },
  {
    "type": ".",
    "named": false
  },
  {
    "type": "/",
    "named": false
  },
  {
    "type": "/*",
    "named": false
  },
  {
    "type": "//",
    "named": false
  },
  {
    "type": ";",
    "named": false
  },
  {
    "type": "<",
    "named": false
  },
  {
    "type": "<=",
    "named": false
  },
  {
    "type": "<>",
    "named": false
  },
  {
    "type": "=",
    "named": false
  },
  {
    "type": ">",
    "named": false
  },
  {
    "type": ">=",
    "named": false
  },
  {
    "type": "AND",
    "named": true
  },
  {
    "type": "ARRAY",
    "named": true
  },
  {
    "type": "BY",
    "named": true
  },
  {
    "type": "CLOSE",
    "named": true
  },
  {
    "type": "DATA",
    "named": true
  },
  {
    "type": "DESCENDING",
    "named": true
  },
  {
    "type": "DEVICE",
    "named": true
  },
  {
    "type": "DO",
    "named": true
  },
  {
    "type": "DOLLAR",
    "named": true
  },
  {
    "type": "DROP",
    "named": true
  },
  {
    "type": "ELSE",
    "named": true
  },
  {
    "type": "END",
    "named": true
  },
  {
    "type": "EQ",
    "named": true
  },
  {
    "type": "EXCEL",
    "named": true
  },
  {
    "type": "FILE",
    "named": true
  },
  {
    "type": "FILENAME",
    "named": true
  },
  {
    "type": "FORMAT",
    "named": true
  },
  {
    "type": "Format",
    "named": false
  },
  {
    "type": "GE",
    "named": true
  },
  {
    "type": "GLOBAL",
    "named": true
  },
  {
    "type": "GT",
    "named": true
  },
  {
    "type": "HTML",
    "named": true
  },
  {
    "type": "IF",
    "named": true
  },
  {
    "type": "IN",
    "named": true
  },
  {
    "type": "INC",
    "named": true
  },
  {
    "type": "INCLUDE",
    "named": true
  },
  {
    "type": "INFILE",
    "named": true
  },
  {
    "type": "INPUT",
    "named": true
  },
  {
    "type": "KEEP",
    "named": true
  },
  {
    "type": "LABEL",
    "named": true
  },
  {
    "type": "LE",
    "named": true
  },
  {
    "type": "LENGTH",
    "named": true
  },
  {
    "type": "LET",
    "named": true
  },
  {
    "type": "LRECL",
    "named": true
  },
  {
    "type": "LT",
    "named": true
  },
  {
    "type": "MACRO",
    "named": true
  },
  {
    "type": "MEANS",
    "named": true
  },
  {
    "type": "MEND",
    "named": true
  },
  {
    "type": "NE",
    "named": true
  },
  {
    "type": "NOPRINT",
    "named": true
  },
  {
    "type": "NOT",
    "named": true
  },
  {
    "type": "NOT_IN",
    "named": true
  },
  {
    "type": "ODS",
    "named": true
  },
  {
    "type": "OF",
    "named": true
  },
  {
    "type": "OR",
    "named": true
  },
  {
    "type": "OUTFILE",
    "named": true
  },
  {
    "type": "OUTPUT",
    "named": true
  },
  {
    "type": "PDF",
    "named": true
  },
  {
    "type": "PIPE",
    "named": true
  },
  {
    "type": "PROC",
    "named": true
  },
  {
    "type": "PUT",
    "named": true
  },
  {
    "type": "QUIT",
    "named": true
  },
  {
    "type": "RUN",
    "named": true
  },
  {
    "type": "SET",
    "named": true
  },
  {
    "type": "SOURCE",
    "named": false
  },
  {
    "type": "SOURCE2",
    "named": false
  },
  {
    "type": "SYSFUNC",
    "named": true
  },
  {
    "type": "THEN",
    "named": true
  },
  {
    "type": "TO",
    "named": true
  },
  {
    "type": "_null_",
    "named": false
  },
  {
    "type": "and",
    "named": false
  },
  {
    "type": "as",
    "named": false
  },
  {
    "type": "ascending",
    "named": false
  },
  {
    "type": "by",
    "named": false
  },
  {
    "type": "call",
    "named": false
  },
  {
    "type": "class",
    "named": false
  },
  {
    "type": "create",
    "named": false
  },
  {
    "type": "data",
    "named": false
  },
  {
    "type": "descending",
    "named": false
  },
  {
    "type": "do;",
    "named": false
  },
  {
    "type": "from",
    "named": false
  },
  {
    "type": "libname_keyword",
    "named": false
  },
  {
    "type": "merge",
    "named": false
  },
  {
    "type": "missing",
    "named": false
  },
  {
    "type": "model",
    "named": false
  },
  {
    "type": "noprint",
    "named": false
  },
  {
    "type": "number",
    "named": true
  },
  {
    "type": "nway",
    "named": false
  },
  {
    "type": "or",
    "named": false
  },
  {
    "type": "order",
    "named": false
  },
  {
    "type": "order=",
    "named": false
  },
  {
    "type": "out",
    "named": false
  },
  {
    "type": "select",
    "named": false
  },
  {
    "type": "selection=",
    "named": false
  },
  {
    "type": "sql",
    "named": false
  },
  {
    "type": "symput",
    "named": false
  },
  {
    "type": "table",
    "named": false
  },
  {
    "type": "value",
    "named": true
  },
  {
    "type": "var",
    "named": false
  },
  {
    "type": "where",
    "named": false
  },
  {
    "type": "whitespace",
    "named": true
  },
  {
    "type": "{",
    "named": false
  },
  {
    "type": "||",
    "named": false
  },
  {
    "type": "}",
    "named": false
  }
]