{
  "grammars": [
    {
      "name": "plsql",
      "camelcase": "Plsql",
      "scope": "source.plsql",
      "path": ".",
      "file-types": [
        "sql",
        "pls",
        "plsql"
      ],
      "highlights": [
        "queries/highlights.scm"
      ]
    }
  ],
  "metadata": {
    "version": "0.0.1",
    "license": "MIT",
    "description": "Oracle plsql grammar for tree-sitter",
    "authors": [
      {
        "name": "Andreas Maier",
        "email": "andreas.maier.de@gmail.com"
      }
    ],
    "links": {
      "repository": "https://github.com/AndreasMaierDe/tree-sitter-plsql"
    }
  },
  "bindings": {
    "c": true,
    "go": true,
    "node": true,
    "python": true,
    "rust": true,
    "swift": true
  }
}
